rute_uty_k;rute_uty;aktiv;begrebsdefinition
1;"Sundhedsspor";1;"Sundhedsspor er Naturstyrelsens landsdækkende koncept. Et sundhedsspor er en afmærket naturrute på 1-2½ km, som kan gås eller løbes på tid. Ved ruterne er der sat tavler op, som viser BMI og kondital ift. tid og alder."
2;"Kløversti";1;"Kløverstier er Friluftsrådets landsdækkende koncept. En Kløversti består af fire ruter, der alle udgår fra en centralt placeret Kløversti pæl. Hver af de fire ruter har en bestemt længde og farve, afmærket med Friluftsrådets Kløversti logo."
3;"Hjertesti";1;"Hjertestier er Hjerteforeningens landsdækkende koncept. En hjertesti er en afmærket motionsrute, hvor der langs ruten er opsat skilte med Hjerteforeningens logo."
4;"Spor i landskabet";1;"Spor i Landskabet er spor er ”Spor i Landskabets” landsdækkende koncept. Sporene bliver lavet på baggrund af en frivillig aftale med lodsejerne om vandreadgang på deres private jord. Sporene er normalt ikke markerede men skal findes via foldere/hjemmeside."
5;"Panoramarute";1;"Dagsture koblet på de nationale cykelruter. Ruten skal være en rundtur og være mellem 20 og 50 km lang."
8;"Andet";1;"Andet"
9;"Ukendt";1;"Mangler viden om rutetype"